<?xml version="1.0" encoding="UTF-8" standalone="yes"?>
<addon id="plugin.video.flix" name="FlixHQ" version="1.7.11.5" provider-name="FlixHQ">
  <requires>
    <import addon="xbmc.python" version="3.0.0"/>
    <import addon="script.module.beautifulsoup4" version="4.9.3"/>
    <import addon="script.module.requests" version="2.25.1"/>
    <import addon="script.module.urllib3" version="1.25.8"/>
  </requires>
  <extension point="xbmc.python.pluginsource" library="main.py">
    <provides>video</provides>
  </extension>
  <extension point="xbmc.addon.metadata">
    <summary lang="en">FlixHQ Movies and TV Shows</summary>
    <description lang="en">Stream movies and TV shows from FlixHQ. Search, browse, and play your favorite content directly in Kodi. No download functionality.</description>
    <platform>all</platform>
    <language>en</language>
    <license>MIT</license>
    <source>https://github.com/flix-cli/kodi-addon</source>
    <website>https://flixhq.to</website>
    <assets>
      <icon>resources/icon.png</icon>
      <fanart>resources/fanart.jpg</fanart>
    </assets>
  </extension>
</addon>