{
    "name": "DSC",
    "plugin": "plugin.video.dscmovieshub",
    "priority": 100,
    "play_movie": "plugin://plugin.video.dscmovieshub/?mode=play&type=movie&title={title}&tmdb_id={id}&year={year}",
    "play_tvshow": "plugin://plugin.video.dscmovieshub/?mode=play&type=episode&title={title}&tmdb_id={tmdb}&season={season}&episode={episode}&year={year}",
    "play_episode": "plugin://plugin.video.dscmovieshub/?mode=play&type=episode&title={title}&tmdb_id={tmdb}&season={season}&episode={episode}&year={year}",
    "is_resolvable": "true"
}