{
    "name": "[COLORroyalblue]FSOnline[/COLOR]",
    "plugin": "plugin.video.fsonline",
    "priority": 800,
    "is_resolvable": true,
    "play_movie": "plugin://plugin.video.fsonline/?action=search_and_play&title={title}",
    "play_episode": "plugin://plugin.video.fsonline/?action=search_and_play_episode&title={showname}&season={season}&episode={episode}",
    "search_movie": "plugin://plugin.video.fsonline/?action=search&query={title}",
    "search_episode": "plugin://plugin.video.fsonline/?action=search&query={showname}"
}
