{
  "name": "[B][COLORred]Magneto [/B][COLORwhite](AIOStreams)[/COLOR]",
  "plugin": "script.module.magneto",
  "api_language": "en-US",
  "priority": 100,
  "is_resolvable": "false",
  "assert": {
    "search_movie": ["imdb"],
    "search_episode": ["imdb", "season", "episode"]
  },
  "play_movie": "executebuiltin://RunPlugin(plugin://script.module.magneto/?action=MediaPlay&mediatype=movie&imdb_id={imdb})",
  "play_episode": "executebuiltin://RunPlugin(plugin://script.module.magneto/?action=MediaPlay&mediatype=episode&imdb_id={imdb}&season={season}&episode={episode})"
}