{
    "name"              : "[B][COLORorange]MRSP Lite[/COLOR][/B]",
    "plugin"            : "plugin.video.romanianpack",
    "priority"          : 200,
    "assert"            : {
                            "play_movie":       ["title", "year"],
                            "play_episode":     ["showname", "season", "episode"],
                            "search_movie":     ["title"],
                            "search_episode":   ["showname", "season"]
                          },
    "play_movie"        : "plugin://plugin.video.romanianpack/?action=searchSites&searchSites=cuvant&cuvant={title}+{year}&tmdb_id={tmdb_id}&mediatype=movie",
    "play_episode"      : "plugin://plugin.video.romanianpack/?action=searchSites&searchSites=cuvant&cuvant={showname}+s{season:0>2}&showname={showname}&season={season}&episode={episode}&mediatype=episode"
}