{
    "name": "[COLORplum]xStream[/COLOR] ",
    "plugin": "plugin.video.xstream",
    "priority": 200,
	"is_resolvable" : "true", 
    "assert": {
        "play_movie": [
            "title",
            "year"
        ],
        "play_episode": [
            "showname",
            "season",
            "episode"
        ],
        "search_movie": [
            "title"
        ],
        "search_episode": [
            "showname"
        ]
    },
    "search_movie": "plugin://plugin.video.xstream/?function=globalSearch&params=0&site=globalSearch&title=Global%20Suche&searchterm={title_+}",
    "search_episode": "plugin://plugin.video.xstream/?function=globalSearch&params=0&site=globalSearch&title=Global%20Suche&searchterm={showname_+}",
    "is_resolvable": "true"
}