<?xml version="1.0" encoding="UTF-8" standalone="yes"?>
<addon id="service.subtitles.subsro"
       name="Subs.ro"
       version="1.3.13a"
       provider-name="Sarsailă, Angelitto">
    <requires>
        <import addon="vfs.rar" optional="true"/>
    </requires>
  <extension point="xbmc.subtitle.module"
             library="service.py" />
  <extension point="xbmc.addon.metadata">
    <summary lang="en">Subs.ro</summary>
    <description lang="en">Cauta si descarca subtitrari de pe subs.ro</description>
    <disclaimer lang="en"></disclaimer>
    <platform>all</platform>
    <license>GNU GENERAL PUBLIC LICENSE. Version 2, June 1991</license>
    <website></website>
    <email></email>
    <source>https://github.com/xngsrs/myhobby</source>
    <news>- fix website</news>
    <assets>
        <icon>icon.png</icon>
    </assets>
  </extension>
</addon>
