<?xml version="1.0" encoding="UTF-8" standalone="yes"?>
<addon id="service.subtitles.subsro"
       name="Subs.ro"
       version="2.1.1"
       provider-name="Sarsailă, LEONTIN, Angelitto">
  <requires>
    <import addon="xbmc.python" version="3.0.0"/>
	<import addon="script.module.requests" version="2.22.0"/>
    <import addon="script.module.beautifulsoup4" version="4.9.3"/>
    <import addon="vfs.rar" version="19.0.1" />
  </requires>
  <extension point="xbmc.subtitle.module"
             library="service.py" />
  <extension point="xbmc.addon.metadata">
    <summary lang="ro">Subtitrări de pe Subs.ro</summary>
    <summary lang="en">Subs.ro Subtitles</summary>
    <description lang="ro">Descarcă subtitrări de pe subs.ro. Reparat și îmbunătățit de LEONTIN @subs.ro TEAM.</description>
    <description lang="en">Download subtitles from subs.ro. Repaired and enhanced by LEONTIN @subs.ro TEAM.</description>
    <platform>all</platform>
    <license>GNU GENERAL PUBLIC LICENSE. Version 2, June 1991</license>
    <website>https://subs.ro</website>
	<news>
	v2.1.1
	- Găsește subtitrări mult mai bine, chiar dacă numele fișierelor sunt mai ciudate (ex: .US., .UK.).
	- Filtrare corectă: Apar doar subtitrările pentru episodul curent, nu toate din arhivă.
	- Curățenie automată: Acum fișierele temporare se șterg mult mai eficient.
	- Reparații generale de stabilitate și o interfață mai lizibilă.
	
	v2.1.0 - Fix compatibilitate cu toate platformele și cu generații mai vechi de Kodi.
	
	v2.0.0 - Reparație completă pentru noul site plus alte îmbunătățiri.</news>
    <assets>
      <icon>icon.png</icon>
    </assets>
  </extension>
</addon>
